{
  "val_loss": [
    0.4879469199478626,
    0.2749826426443178,
    0.2262734548361186,
    0.18630827763758134,
    0.14443463029096165,
    0.18106379397409683,
    0.210040640917332,
    0.14452453533664084,
    0.11535919533671858,
    0.11679016399862575
  ],
  "val_accuracy": [
    0.8650000095367432,
    0.9300000071525574,
    0.9399999976158142,
    0.9350000023841858,
    0.9399999976158142,
    0.9350000023841858,
    0.9150000214576721,
    0.9599999785423279,
    0.9549999833106995,
    0.9649999737739563
  ],
  "loss": [
    1.3585374298981494,
    0.5219957693304039,
    0.4167067403770569,
    0.3561394577622155,
    0.2982946784897811,
    0.2690583365067141,
    0.24140909273547245,
    0.23578457534710145,
    0.19356641901799473,
    0.1748885666397756
  ],
  "accuracy": [